Workbook

Sheet Sales_Data
A1: Order_ID | B1: Date | C1: Region | D1: Product_Category | E1: Product_Name | F1: Sales_Person | G1: Quantity | H1: Unit_Price | I1: Total_Sales | J1: Return Status
A2: ORD1 | B2: 45829 | C2: North | D2: Clothing | E2: Jeans | F2: Karan | G2: 10 | H2: 27852 | I2: 278520 | J2: =VLOOKUP(A2,Returns!A2:B3001,2,0) -> Not Returned
A3: ORD2 | B3: 45757 | C3: North | D3: Clothing | E3: Shirt | F3: Amit | G3: 5 | H3: 29521 | I3: 147605 | J3: =VLOOKUP(A3,Returns!A3:B3002,2,0) -> #N/A
A4: ORD3 | B4: 45789 | C4: East | D4: Furniture | E4: Sofa | F4: Ravi | G4: 4 | H4: 33138 | I4: 132552 | J4: =VLOOKUP(A4,Returns!A4:B3003,2,0) -> Not Returned
A5: ORD4 | B5: 45762 | C5: West | D5: Clothing | E5: Shirt | F5: Sneha | G5: 5 | H5: 3232 | I5: 16160 | J5: =VLOOKUP(A5,Returns!A5:B3004,2,0) -> #N/A
A6: ORD5 | B6: 45677 | C6: East | D6: Furniture | E6: Sofa | F6: Karan | G6: 2 | H6: 25061 | I6: 50122 | J6: =VLOOKUP(A6,Returns!A6:B3005,2,0) -> Returned
A7: ORD6 | B7: 45664 | C7: North | D7: Furniture | E7: Sofa | F7: Neha | G7: 8 | H7: 40542 | I7: 324336 | J7: =VLOOKUP(A7,Returns!A7:B3006,2,0) -> Returned
A8: ORD7 | B8: 45849 | C8: South | D8: Electronics | E8: Mobile | F8: Karan | G8: 7 | H8: 37230 | I8: 260610 | J8: =VLOOKUP(A8,Returns!A8:B3007,2,0) -> #N/A
A9: ORD8 | B9: 45785 | C9: East | D9: Electronics | E9: Tablet | F9: Priya | G9: 2 | H9: 32769 | I9: 65538 | J9: =VLOOKUP(A9,Returns!A9:B3008,2,0) -> #N/A
A10: ORD9 | B10: 45734 | C10: South | D10: Clothing | E10: Jacket | F10: Sneha | G10: 4 | H10: 21041 | I10: 84164 | J10: =VLOOKUP(A10,Returns!A10:B3009,2,0) -> #N/A
A11: ORD10 | B11: 45789 | C11: South | D11: Electronics | E11: Laptop | F11: Sneha | G11: 5 | H11: 23788 | I11: 118940 | J11: =VLOOKUP(A11,Returns!A11:B3010,2,0) -> Returned
A12: ORD11 | B12: 45738 | C12: West | D12: Furniture | E12: Sofa | F12: Priya | G12: 1 | H12: 23600 | I12: 23600 | J12: =VLOOKUP(A12,Returns!A12:B3011,2,0) -> Returned
A13: ORD12 | B13: 45872 | C13: East | D13: Furniture | E13: Table | F13: Amit | G13: 6 | H13: 14330 | I13: 85980 | J13: =VLOOKUP(A13,Returns!A13:B3012,2,0) -> #N/A
... A16: ORD15 | B16: 45915 | C16: West | D16: Electronics | E16: Laptop | F16: Sneha | G16: 6 | H16: 41268 | I16: 247608 | J16: =VLOOKUP(A16,Returns!A16:B3015,2,0) -> #N/A
A17: ORD16 | B17: 2025-02-12 | C17: East | D17: Clothing | E17: Jacket | F17: Ravi | G17: 7 | H17: 25857 | I17: 180999 | J17: =VLOOKUP(A17,Returns!A17:B3016,2,0) -> #N/A
A18: ORD17 | B18: 2025-07-23 | C18: North | D18: Electronics | E18: Tablet | F18: Karan | G18: 10 | H18: 6254 | I18: 62540 | J18: =VLOOKUP(A18,Returns!A18:B3017,2,0) -> Returned
A19: ORD18 | B19: 2025-07-14 | C19: South | D19: Furniture | E19: Table | F19: Karan | G19: 10 | H19: 34101 | I19: 341010 | J19: =VLOOKUP(A19,Returns!A19:B3018,2,0) -> Not Returned
A20: ORD19 | B20: 2025-08-16 | C20: South | D20: Electronics | E20: Mobile | F20: Neha | G20: 1 | H20: 44176 | I20: 44176 | J20: =VLOOKUP(A20,Returns!A20:B3019,2,0) -> #N/A
A21: ORD20 | B21: 2025-11-02 | C21: West | D21: Furniture | E21: Chair | F21: Karan | G21: 4 | H21: 8172 | I21: 32688 | J21: =VLOOKUP(A21,Returns!A21:B3020,2,0) -> Returned
A22: ORD21 | B22: 2025-05-24 | C22: North | D22: Clothing | E22: Jacket | F22: Neha | G22: 10 | H22: 41175 | I22: 411750 | J22: =VLOOKUP(A22,Returns!A22:B3021,2,0) -> Not Returned
A23: ORD22 | B23: 2025-11-21 | C23: West | D23: Clothing | E23: Shirt | F23: Neha | G23: 2 | H23: 33882 | I23: 67764 | J23: =VLOOKUP(A23,Returns!A23:B3022,2,0) -> #N/A
A24: ORD23 | B24: 2025-02-27 | C24: East | D24: Clothing | E24: Jeans | F24: Priya | G24: 4 | H24: 5030 | I24: 20120 | J24: =VLOOKUP(A24,Returns!A24:B3023,2,0) -> #N/A
A25: ORD24 | B25: 2025-09-05 | C25: South | D25: Clothing | E25: Jeans | F25: Amit | G25: 6 | H25: 11391 | I25: 68346 | J25: =VLOOKUP(A25,Returns!A25:B3024,2,0) -> #N/A
A26: ORD25 | B26: 2025-06-28 | C26: East | D26: Clothing | E26: Jeans | F26: Priya | G26: 4 | H26: 6460 | I26: 25840 | J26: =VLOOKUP(A26,Returns!A26:B3025,2,0) -> #N/A
A27: ORD26 | B27: 2025-05-11 | C27: West | D27: Furniture | E27: Chair | F27: Ravi | G27: 1 | H27: 31682 | I27: 31682 | J27: =VLOOKUP(A27,Returns!A27:B3026,2,0) -> #N/A
A28: ORD27 | B28: 2025-05-14 | C28: East | D28: Furniture | E28: Table | F28: Sneha | G28: 10 | H28: 40808 | I28: 408080 | J28: =VLOOKUP(A28,Returns!A28:B3027,2,0) -> #N/A
... A9989: ORD9988 | B9989: 2025-07-13 | C9989: East | D9989: Clothing | E9989: Jacket | F9989: Ravi | G9989: 7 | H9989: 47873 | I9989: 335111 | J9989: =VLOOKUP(A9989,Returns!A9989:B12988,2,0) -> #N/A
A9990: ORD9989 | B9990: 45705 | C9990: West | D9990: Furniture | E9990: Sofa | F9990: Priya | G9990: 4 | H9990: 31634 | I9990: 126536 | J9990: =VLOOKUP(A9990,Returns!A9990:B12989,2,0) -> #N/A
A9991: ORD9990 | B9991: 45836 | C9991: East | D9991: Clothing | E9991: Shirt | F9991: Karan | G9991: 4 | H9991: 18369 | I9991: 73476 | J9991: =VLOOKUP(A9991,Returns!A9991:B12990,2,0) -> #N/A
A9992: ORD9991 | B9992: 45972 | C9992: East | D9992: Clothing | E9992: Jacket | F9992: Ravi | G9992: 8 | H9992: 5212 | I9992: 41696 | J9992: =VLOOKUP(A9992,Returns!A9992:B12991,2,0) -> #N/A
A9993: ORD9992 | B9993: 45696 | C9993: West | D9993: Electronics | E9993: Tablet | F9993: Neha | G9993: 1 | H9993: 29735 | I9993: 29735 | J9993: =VLOOKUP(A9993,Returns!A9993:B12992,2,0) -> #N/A
A9994: ORD9993 | B9994: 45693 | C9994: South | D9994: Furniture | E9994: Table | F9994: Ravi | G9994: 7 | H9994: 20402 | I9994: 142814 | J9994: =VLOOKUP(A9994,Returns!A9994:B12993,2,0) -> #N/A
A9995: ORD9994 | B9995: 45980 | C9995: East | D9995: Clothing | E9995: Shirt | F9995: Karan | G9995: 4 | H9995: 11131 | I9995: 44524 | J9995: =VLOOKUP(A9995,Returns!A9995:B12994,2,0) -> #N/A
A9996: ORD9995 | B9996: 45906 | C9996: East | D9996: Furniture | E9996: Chair | F9996: Priya | G9996: 1 | H9996: 40586 | I9996: 40586 | J9996: =VLOOKUP(A9996,Returns!A9996:B12995,2,0) -> #N/A
A9997: ORD9996 | B9997: 45945 | C9997: North | D9997: Electronics | E9997: Mobile | F9997: Sneha | G9997: 4 | H9997: 46205 | I9997: 184820 | J9997: =VLOOKUP(A9997,Returns!A9997:B12996,2,0) -> #N/A
A9998: ORD9997 | B9998: 45940 | C9998: North | D9998: Furniture | E9998: Sofa | F9998: Neha | G9998: 2 | H9998: 37892 | I9998: 75784 | J9998: =VLOOKUP(A9998,Returns!A9998:B12997,2,0) -> #N/A
A9999: ORD9998 | B9999: 45671 | C9999: South | D9999: Electronics | E9999: Laptop | F9999: Sneha | G9999: 2 | H9999: 15979 | I9999: 31958 | J9999: =VLOOKUP(A9999,Returns!A9999:B12998,2,0) -> #N/A
A10000: ORD9999 | B10000: 45986 | C10000: South | D10000: Clothing | E10000: Jacket | F10000: Neha | G10000: 6 | H10000: 39316 | I10000: 235896 | J10000: =VLOOKUP(A10000,Returns!A10000:B12999,2,0) -> #N/A
A10001: ORD10000 | B10001: 45740 | C10001: South | D10001: Electronics | E10001: Mobile | F10001: Ravi | G10001: 5 | H10001: 5808 | I10001: 29040 | J10001: =VLOOKUP(A10001,Returns!A10001:B13000,2,0) -> #N/A

Sheet Problem_1
A1: 1. Total sales by Region
A2: Row Labels | B2: Sum of Total_Sales
A3: East | B3: 343935015
A4: North | B4: 348728768
A5: South | B5: 346470912
A6: West | B6: 352887188
A7: Grand Total | B7: 1392021883

Sheet Probelm_2
A1: 2. Total quantity sold by Product Category
A2: Row Labels | B2: Sum of Quantity
A3: Clothing | B3: 18627
A4: Electronics | B4: 18271
A5: Furniture | B5: 18329
A6: Grand Total | B6: 55227

Sheet Probelm_3
A1: 3. Count of orders by Sales Person
A2: Row Labels | B2: Count of Order_ID
A3: Amit | B3: 1608
A4: Karan | B4: 1675
A5: Neha | B5: 1685
A6: Priya | B6: 1716
A7: Ravi | B7: 1706
A8: Sneha | B8: 1610
A9: Grand Total | B9: 10000

Sheet Probelm_4
A1: 4. Total sales for each Product Name
A2: Row Labels | B2: Sum of Total_Sales
A3: Chair | B3: 155893012
A4: Jacket | B4: 156989691
A5: Jeans | B5: 166476985
A6: Laptop | B6: 156048597
A7: Mobile | B7: 155429213
A8: Shirt | B8: 143720485
A9: Sofa | B9: 154208561
A10: Table | B10: 152311705
A11: Tablet | B11: 150943634
A12: Grand Total | B12: 1392021883

Sheet Probelm_5
B1: 5. Average unit price by category
A2: Row Labels | B2: Average of Unit_Price
A3: Clothing | B3: 25070.412
A4: Electronics | B4: 25250.183
A5: Furniture | B5: 25342.157
A6: Grand Total | B6: 25221.059

Sheet Problem_7
A1: 6. Maximum sales value by region
A2: Row Labels | B2: Min of Total_Sales | C2: Min of Quantity
A3: Clothing | B3: 604 | C3: 1
A4: Electronics | B4: 716 | C4: 1
A5: Furniture | B5: 572 | C5: 1
A6: Grand Total | B6: 572 | C6: 1

Sheet Probelm_6
A1: 7. Minimum sales value by product category
A2: Row Labels | B2: Max of Total_Sales
A3: East | B3: 499460
A4: North | B4: 499730
A5: South | B5: 494670
A6: West | B6: 499860
A7: Grand Total | B7: 499860

Sheet Targets
A1: Region | B1: Monthly_Target
A2: North | B2: 1883689
A3: South | B3: 602791
A4: East | B4: 1840117
A5: West | B5: 1669935

Sheet Returns
A1: Order_ID | B1: Return_Status
A2: ORD7990 | B2: Returned
A3: ORD3412 | B3: Not Returned
A4: ORD9275 | B4: Returned
A5: ORD318 | B5: Returned
A6: ORD9982 | B6: Returned
A7: ORD6490 | B7: Returned
A8: ORD7126 | B8: Not Returned
A9: ORD928 | B9: Returned
A10: ORD1275 | B10: Not Returned
A11: ORD3965 | B11: Returned
A12: ORD2757 | B12: Not Returned
... A3001: ORD9737 | B3001: Not Returned

Sheet Probelm_8
A1: 8. Total number of orders
A2: Total number of order
A3: 10000

Sheet Probelm_9
A1: 9. Total returned vs non-returned orders
A2: Row Labels | B2: Total returned or non returned
A3: Not Returned | B3: 1501
A4: Returned | B4: 1499
A5: Grand Total | B5: 3000

Sheet Probelm_10
A1: 10. Total sales month-wise
A3: Row Labels | B3: Sum of Total_Sales
A4: 2025-01-01 | B4: 4936895
A5: 2025-01-02 | B5: 3713285
A6: 2025-01-03 | B6: 5557101
A7: 2025-01-04 | B7: 4389443
A8: 2025-01-05 | B8: 3885556
A9: 2025-01-06 | B9: 3364353
A10: 2025-01-07 | B10: 5053337
A11: 2025-01-08 | B11: 4396283
A12: 2025-01-09 | B12: 3754216
A13: 2025-01-10 | B13: 4745280
A14: 2025-01-11 | B14: 4276410
A15: 2025-01-12 | B15: 5103935
... A340: Grand Total | B340: 1392021883

Sheet Probelm_11
A1: 11. Total sales by Region and Product Category
A2: Sum of Total_Sales | B2: Column Labels
A3: Row Labels | B3: Clothing | C3: Electronics | D3: Furniture | E3: Grand Total | F3: Total Sales by region
A4: East | B4: 115492726 | C4: 114218561 | D4: 114223728 | E4: 343935015 | F4: =SUM(B4:E4) -> 687870030
A5: North | B5: 116359723 | C5: 115844268 | D5: 116524777 | E5: 348728768 | F5: =SUM(B5:E5) -> 697457536
A6: South | B6: 112850708 | C6: 118855634 | D6: 114764570 | E6: 346470912 | F6: =SUM(B6:E6) -> 692941824
A7: West | B7: 122484004 | C7: 113502981 | D7: 116900203 | E7: 352887188 | F7: =SUM(B7:E7) -> 705774376
A8: Grand Total | B8: 467187161 | C8: 462421444 | D8: 462413278 | E8: 1392021883

Sheet Probelm_12
A1: 12. Quantity sold by Region and Sales Person
A2: Sum of Quantity | B2: Column Labels
A3: Row Labels | B3: Amit | C3: Karan | D3: Neha | E3: Priya | F3: Ravi | G3: Sneha | H3: Grand Total
A4: East | B4: 2052 | C4: 2333 | D4: 2274 | E4: 2304 | F4: 2357 | G4: 2310 | H4: 13630
A5: North | B5: 2152 | C5: 2249 | D5: 2443 | E5: 2338 | F5: 2312 | G5: 2255 | H5: 13749
A6: South | B6: 2246 | C6: 2401 | D6: 2297 | E6: 2414 | F6: 2449 | G6: 2053 | H6: 13860
A7: West | B7: 2247 | C7: 2360 | D7: 2376 | E7: 2398 | F7: 2537 | G7: 2070 | H7: 13988
A8: Grand Total | B8: 8697 | C8: 9343 | D8: 9390 | E8: 9454 | F8: 9655 | G8: 8688 | H8: 55227

Sheet Probelm_13
A1: 13. Average sales by Sales Person
A2: Row Labels | B2: Average of Total_Sales
A3: Amit | B3: 132705.05
A4: Karan | B4: 141454.88
A5: Neha | B5: 142213.42
A6: Priya | B6: 140821.98
A7: Ravi | B7: 143633.32
A8: Sneha | B8: 133774.32
A9: Grand Total | B9: 139202.19

Sheet Probelm_14
A1: 14. Region-wise highest selling product
A3: Count of Quantity | B3: Column Labels
A4: Row Labels | B4: Chair | C4: Jacket | D4: Jeans | E4: Laptop | F4: Mobile | G4: Shirt | H4: Sofa | I4: Table | J4: Tablet | K4: Grand Total
A5: East | B5: 269 | C5: 287 | D5: 263 | E5: 285 | F5: 248 | G5: 269 | H5: 266 | I5: 299 | J5: 281 | K5: 2467
A6: North | B6: 283 | C6: 287 | D6: 275 | E6: 264 | F6: 287 | G6: 247 | H6: 265 | I6: 278 | J6: 272 | K6: 2458
A7: South | B7: 275 | C7: 252 | D7: 295 | E7: 271 | F7: 287 | G7: 269 | H7: 288 | I7: 278 | J7: 283 | K7: 2498
A8: West | B8: 270 | C8: 298 | D8: 318 | E8: 274 | F8: 310 | G8: 276 | H8: 304 | I8: 279 | J8: 248 | K8: 2577
A9: Grand Total | B9: 1097 | C9: 1124 | D9: 1151 | E9: 1094 | F9: 1132 | G9: 1061 | H9: 1123 | I9: 1134 | J9: 1084 | K9: 10000

Sheet Probelm_15
A1: 15. Category contributing highest revenue
A2: Row Labels | B2: Total Revenue
A3: Clothing | B3: 467187161
A4: Electronics | B4: 462421444
A5: Furniture | B5: 462413278
A6: Grand Total | B6: 1392021883

Sheet Probelm_16
A1: 16. Monthly sales trend by Region
A2: Sum of Total_Sales | B2: Column Labels
A3: Row Labels | B3: 2025-01-01 | C3: 2025-01-02 | D3: 2025-01-03 | E3: 2025-01-04 | F3: 2025-01-05 | G3: 2025-01-06 | H3: 2025-01-07 | I3: 2025-01-08 | J3: 2025-01-09 | K3: 2025-01-10 | L3: 2025-01-11 | M3: 2025-01-12 | N3: 2025-01-13 | O3: 2025-01-14 | P3: 2025-01-15 | Q3: 2025-01-16 | R3: 2025-01-17 | S3: 2025-01-18 | T3: 2025-01-19 | U3: 2025-01-20 | V3: 2025-01-21 | W3: 2025-01-22 | X3: 2025-01-23 | Y3: 2025-01-24 | Z3: 2025-01-25 | AA3: 2025-01-26 | AB3: 2025-01-27 | AC3: 2025-01-28 | AD3: 2025-02-01 | AE3: 2025-02-02 | AF3: 2025-02-03 | AG3: 2025-02-04 | AH3: 2025-02-05 | AI3: 2025-02-06 | AJ3: 2025-02-07 | AK3: 2025-02-08 | AL3: 2025-02-09 | AM3: 2025-02-10 | AN3: 2025-02-11 | AO3: 2025-02-12 | AP3: 2025-02-13 | AQ3: 2025-02-14 | AR3: 2025-02-15 | AS3: 2025-02-16 | AT3: 2025-02-17 | AU3: 2025-02-18 | AV3: 2025-02-19 | AW3: 2025-02-20 | AX3: 2025-02-21 | AY3: 2025-02-22 | AZ3: 2025-02-23 | BA3: 2025-02-24 | BB3: 2025-02-25 | BC3: 2025-02-26 | BD3: 2025-02-27 | BE3: 2025-02-28 | BF3: 2025-03-01 | BG3: 2025-03-02 | BH3: 2025-03-03 | BI3: 2025-03-04 | BJ3: 2025-03-05 | BK3: 2025-03-06 | BL3: 2025-03-07 | BM3: 2025-03-08 | BN3: 2025-03-09 | BO3: 2025-03-10 | BP3: 2025-03-11 | BQ3: 2025-03-12 | BR3: 2025-03-13 | BS3: 2025-03-14 | BT3: 2025-03-15 | BU3: 2025-03-16 | BV3: 2025-03-17 | BW3: 2025-03-18 | BX3: 2025-03-19 | BY3: 2025-03-20 | BZ3: 2025-03-21 | CA3: 2025-03-22 | CB3: 2025-03-23 | CC3: 2025-03-24 | CD3: 2025-03-25 | CE3: 2025-03-26 | CF3: 2025-03-27 | CG3: 2025-03-28 | CH3: 2025-04-01 | CI3: 2025-04-02 | CJ3: 2025-04-03 | CK3: 2025-04-04 | CL3: 2025-04-05 | CM3: 2025-04-06 | CN3: 2025-04-07 | CO3: 2025-04-08 | CP3: 2025-04-09 | CQ3: 2025-04-10 | CR3: 2025-04-11 | CS3: 2025-04-12 | CT3: 2025-04-13 | CU3: 2025-04-14 | CV3: 2025-04-15 | CW3: 2025-04-16 | CX3: 2025-04-17 | CY3: 2025-04-18 | CZ3: 2025-04-19 | DA3: 2025-04-20 | DB3: 2025-04-21 | DC3: 2025-04-22 | DD3: 2025-04-23 | DE3: 2025-04-24 | DF3: 2025-04-25 | DG3: 2025-04-26 | DH3: 2025-04-27 | DI3: 2025-04-28 | DJ3: 2025-05-01 | DK3: 2025-05-02 | DL3: 2025-05-03 | DM3: 2025-05-04 | DN3: 2025-05-05 | DO3: 2025-05-06 | DP3: 2025-05-07 | DQ3: 2025-05-08 | DR3: 2025-05-09 | DS3: 2025-05-10 | DT3: 2025-05-11 | DU3: 2025-05-12 | DV3: 2025-05-13 | DW3: 2025-05-14 | DX3: 2025-05-15 | DY3: 2025-05-16 | DZ3: 2025-05-17 | EA3: 2025-05-18 | EB3: 2025-05-19 | EC3: 2025-05-20 | ED3: 2025-05-21 | EE3: 2025-05-22 | EF3: 2025-05-23 | EG3: 2025-05-24 | EH3: 2025-05-25 | EI3: 2025-05-26 | EJ3: 2025-05-27 | EK3: 2025-05-28 | EL3: 2025-06-01 | EM3: 2025-06-02 | EN3: 2025-06-03 | EO3: 2025-06-04 | EP3: 2025-06-05 | EQ3: 2025-06-06 | ER3: 2025-06-07 | ES3: 2025-06-08 | ET3: 2025-06-09 | EU3: 2025-06-10 | EV3: 2025-06-11 | EW3: 2025-06-12 | EX3: 2025-06-13 | EY3: 2025-06-14 | EZ3: 2025-06-15 | FA3: 2025-06-16 | FB3: 2025-06-17 | FC3: 2025-06-18 | FD3: 2025-06-19 | FE3: 2025-06-20 | FF3: 2025-06-21 | FG3: 2025-06-22 | FH3: 2025-06-23 | FI3: 2025-06-24 | FJ3: 2025-06-25 | FK3: 2025-06-26 | FL3: 2025-06-27 | FM3: 2025-06-28 | FN3: 2025-07-01 | FO3: 2025-07-02 | FP3: 2025-07-03 | FQ3: 2025-07-04 | FR3: 2025-07-05 | FS3: 2025-07-06 | FT3: 2025-07-07 | FU3: 2025-07-08 | FV3: 2025-07-09 | FW3: 2025-07-10 | FX3: 2025-07-11 | FY3: 2025-07-12 | FZ3: 2025-07-13 | GA3: 2025-07-14 | GB3: 2025-07-15 | GC3: 2025-07-16 | GD3: 2025-07-17 | GE3: 2025-07-18 | GF3: 2025-07-19 | GG3: 2025-07-20 | GH3: 2025-07-21 | GI3: 2025-07-22 | GJ3: 2025-07-23 | GK3: 2025-07-24 | GL3: 2025-07-25 | GM3: 2025-07-26 | GN3: 2025-07-27 | GO3: 2025-07-28 | GP3: 2025-08-01 | GQ3: 2025-08-02 | GR3: 2025-08-03 | GS3: 2025-08-04 | GT3: 2025-08-05 | GU3: 2025-08-06 | GV3: 2025-08-07 | GW3: 2025-08-08 | GX3: 2025-08-09 | GY3: 2025-08-10 | GZ3: 2025-08-11 | HA3: 2025-08-12 | HB3: 2025-08-13 | HC3: 2025-08-14 | HD3: 2025-08-15 | HE3: 2025-08-16 | HF3: 2025-08-17 | HG3: 2025-08-18 | HH3: 2025-08-19 | HI3: 2025-08-20 | HJ3: 2025-08-21 | HK3: 2025-08-22 | HL3: 2025-08-23 | HM3: 2025-08-24 | HN3: 2025-08-25 | HO3: 2025-08-26 | HP3: 2025-08-27 | HQ3: 2025-08-28 | HR3: 2025-09-01 | HS3: 2025-09-02 | HT3: 2025-09-03 | HU3: 2025-09-04 | HV3: 2025-09-05 | HW3: 2025-09-06 | HX3: 2025-09-07 | HY3: 2025-09-08 | HZ3: 2025-09-09 | IA3: 2025-09-10 | IB3: 2025-09-11 | IC3: 2025-09-12 | ID3: 2025-09-13 | IE3: 2025-09-14 | IF3: 2025-09-15 | IG3: 2025-09-16 | IH3: 2025-09-17 | II3: 2025-09-18 | IJ3: 2025-09-19 | IK3: 2025-09-20 | IL3: 2025-09-21 | IM3: 2025-09-22 | IN3: 2025-09-23 | IO3: 2025-09-24 | IP3: 2025-09-25 | IQ3: 2025-09-26 | IR3: 2025-09-27 | IS3: 2025-09-28 | IT3: 2025-10-01 | IU3: 2025-10-02 | IV3: 2025-10-03 | IW3: 2025-10-04 | IX3: 2025-10-05 | IY3: 2025-10-06 | IZ3: 2025-10-07 | JA3: 2025-10-08 | JB3: 2025-10-09 | JC3: 2025-10-10 | JD3: 2025-10-11 | JE3: 2025-10-12 | JF3: 2025-10-13 | JG3: 2025-10-14 | JH3: 2025-10-15 | JI3: 2025-10-16 | JJ3: 2025-10-17 | JK3: 2025-10-18 | JL3: 2025-10-19 | JM3: 2025-10-20 | JN3: 2025-10-21 | JO3: 2025-10-22 | JP3: 2025-10-23 | JQ3: 2025-10-24 | JR3: 2025-10-25 | JS3: 2025-10-26 | JT3: 2025-10-27 | JU3: 2025-10-28 | JV3: 2025-11-01 | JW3: 2025-11-02 | JX3: 2025-11-03 | JY3: 2025-11-04 | JZ3: 2025-11-05 | KA3: 2025-11-06 | KB3: 2025-11-07 | KC3: 2025-11-08 | KD3: 2025-11-09 | KE3: 2025-11-10 | KF3: 2025-11-11 | KG3: 2025-11-12 | KH3: 2025-11-13 | KI3: 2025-11-14 | KJ3: 2025-11-15 | KK3: 2025-11-16 | KL3: 2025-11-17 | KM3: 2025-11-18 | KN3: 2025-11-19 | KO3: 2025-11-20 | KP3: 2025-11-21 | KQ3: 2025-11-22 | KR3: 2025-11-23 | KS3: 2025-11-24 | KT3: 2025-11-25 | KU3: 2025-11-26 | KV3: 2025-11-27 | KW3: 2025-11-28 | KX3: 2025-12-01 | KY3: 2025-12-02 | KZ3: 2025-12-03 | LA3: 2025-12-04 | LB3: 2025-12-05 | LC3: 2025-12-06 | LD3: 2025-12-07 | LE3: 2025-12-08 | LF3: 2025-12-09 | LG3: 2025-12-10 | LH3: 2025-12-11 | LI3: 2025-12-12 | LJ3: 2025-12-13 | LK3: 2025-12-14 | LL3: 2025-12-15 | LM3: 2025-12-16 | LN3: 2025-12-17 | LO3: 2025-12-18 | LP3: 2025-12-19 | LQ3: 2025-12-20 | LR3: 2025-12-21 | LS3: 2025-12-22 | LT3: 2025-12-23 | LU3: 2025-12-24 | LV3: 2025-12-25 | LW3: 2025-12-26 | LX3: 2025-12-27 | LY3: 2025-12-28 | LZ3: Grand Total
A4: East | B4: 1590962 | C4: 128396 | D4: 1147131 | E4: 1802090 | F4: 419047 | G4: 291463 | H4: 1122652 | I4: 1117837 | J4: 1349313 | K4: 631767 | L4: 1205512 | M4: 1054494 | N4: 1189491 | O4: 1857660 | P4: 1293023 | Q4: 824557 | R4: 446649 | S4: 1089860 | T4: 152711 | U4: 1547325 | V4: 1027332 | W4: 863888 | X4: 1359935 | Y4: 2200494 | Z4: 551527 | AA4: 1823843 | AB4: 675549 | AC4: 1321123 | AD4: 967885 | AE4: 1615517 | AF4: 866766 | AG4: 1157550 | AH4: 1993437 | AI4: 705744 | AJ4: 999494 | AK4: 862084 | AL4: 1167607 | AM4: 1700607 | AN4: 578755 | AO4: 564054 | AP4: 928657 | AQ4: 826883 | AR4: 2096566 | AS4: 1802980 | AT4: 1883746 | AU4: 907525 | AV4: 1435865 | AW4: 1222897 | AX4: 812477 | AY4: 1800453 | AZ4: 824206 | BA4: 339540 | BB4: 1308306 | BC4: 1118509 | BD4: 613660 | BE4: 972296 | BF4: 1134350 | BG4: 314536 | BH4: 422006 | BI4: 591666 | BJ4: 818580 | BK4: 958228 | BL4: 1665832 | BM4: 864174 | BN4: 910632 | BO4: 1454814 | BP4: 350219 | BQ4: 1366138 | BR4: 1017006 | BS4: 717616 | BT4: 874064 | BU4: 951917 | BV4: 1247760 | BW4: 1415727 | BX4: 1388008 | BY4: 730398 | BZ4: 1090210 | CA4: 1381765 | CB4: 861539 | CC4: 1364552 | CD4: 427094 | CE4: 993594 | CF4: 1021012 | CG4: 688152 | CH4: 59346 | CI4: 1189728 | CJ4: 621010 | CK4: 477638 | CL4: 636229 | CM4: 173032 | CN4: 543611 | CO4: 1616194 | CP4: 792075 | CQ4: 1154031 | CR4: 1307414 | CS4: 961759 | CT4: 941483 | CU4: 846508 | CV4: 828475 | CW4: 974147 | CX4: 213386 | CY4: 721818 | CZ4: 1857295 | DA4: 1017550 | DB4: 334159 | DC4: 1558868 | DD4: 979185 | DE4: 776340 | DF4: 721367 | DG4: 889858 | DH4: 871855 | DI4: 499218 | DJ4: 1290438 | DK4: 352948 | DL4: 1121977 | DM4: 814057 | DN4: 738478 | DO4: 1259894 | DP4: 622955 | DQ4: 1280522 | DR4: 1033642 | DS4: 1244921 | DT4: 1441878 | DU4: 1468959 | DV4: 653334 | DW4: 1603274 | DX4: 929703 | DY4: 631320 | DZ4: 1107926 | EA4: 1528008 | EB4: 1870584 | EC4: 1333908 | ED4: 1763015 | EE4: 856294 | EF4: 950355 | EG4: 1453471 | EH4: 828719 | EI4: 549059 | EJ4: 1041742 | EK4: 1460278 | EL4: 1123207 | EM4: 643920 | EN4: 1037846 | EO4: 841519 | EP4: 386640 | EQ4: 902024 | ER4: 1902124 | ES4: 1081495 | ET4: 1144702 | EU4: 1218235 | EV4: 1511962 | EW4: 452932 | EX4: 979765 | EY4: 1831060 | EZ4: 507926 | FA4: 1558746 | FB4: 574414 | FC4: 1475439 | FD4: 562262 | FE4: 612267 | FF4: 1759372 | FG4: 918311 | FH4: 791832 | FI4: 474848 | FJ4: 1064008 | FK4: 1646796 | FL4: 1720851 | FM4: 838234 | FN4: 1174784 | FO4: 954745 | FP4: 879693 | FQ4: 864793 | FR4: 263789 | FS4: 945396 | FT4: 1793136 | FU4: 892312 | FV4: 926672 | FW4: 847390 | FX4: 752384 | FY4: 1090222 | FZ4: 1905680 | GA4: 488226 | GB4: 1764927 | GC4: 901913 | GD4: 509485 | GE4: 1013528 | GF4: 247097 | GG4: 1440859 | GH4: 937838 | GI4: 743099 | GJ4: 1042312 | GK4: 648812 | GL4: 954403 | GM4: 1462102 | GN4: 1666377 | GO4: 852453 | GP4: 778736 | GQ4: 3008121 | GR4: 710532 | GS4: 559075 | GT4: 1916545 | GU4: 1066947 | GV4: 788774 | GW4: 1275724 | GX4: 365854 | GY4: 1358864 | GZ4: 1504718 | HA4: 1291023 | HB4: 2046413 | HC4: 996687 | HD4: 924561 | HE4: 582454 | HF4: 863200 | HG4: 635481 | HH4: 1082936 | HI4: 946547 | HJ4: 1116038 | HK4: 468844 | HL4: 1125916 | HM4: 206041 | HN4: 1091017 | HO4: 334148 | HP4: 770211 | HQ4: 863738 | HR4: 641645 | HS4: 791169 | HT4: 862470 | HU4: 758794 | HV4: 1696786 | HW4: 815176 | HX4: 957058 | HY4: 1416504 | HZ4: 1065219 | IA4: 658343 | IB4: 807273 | IC4: 1094855 | ID4: 1090102 | IE4: 765427 | IF4: 1443890 | IG4: 1379593 | IH4: 559635 | II4: 1446395 | IJ4: 528624 | IK4: 913449 | IL4: 1153089 | IM4: 50341 | IN4: 412019 | IO4: 702810 | IP4: 603398 | IQ4: 99558 | IR4: 763080 | IS4: 411016 | IT4: 1300478 | IU4: 1152063 | IV4: 478120 | IW4: 657766 | IX4: 935365 | IY4: 407214 | IZ4: 1266054 | JA4: 717059 | JB4: 675958 | JC4: 626459 | JD4: 1369633 | JE4: 1465871 | JF4: 605227 | JG4: 1261673 | JH4: 1273815 | JI4: 1362425 | JJ4: 1775027 | JK4: 1096165 | JL4: 1509977 | JM4: 837721 | JN4: 954869 | JO4: 2106257 | JP4: 2153567 | JQ4: 1108325 | JR4: 962965 | JS4: 1802351 | JT4: 990012 | JU4: 1231408 | JV4: 601848 | JW4: 1186679 | JX4: 1514505 | JY4: 1134381 | JZ4: 1666470 | KA4: 1010289 | KB4: 511513 | KC4: 649227 | KD4: 682780 | KE4: 1805130 | KF4: 1131781 | KG4: 213768 | KH4: 980670 | KI4: 956750 | KJ4: 1035440 | KK4: 1433284 | KL4: 1305694 | KM4: 1365911 | KN4: 810378 | KO4: 295569 | KP4: 771894 | KQ4: 1174715 | KR4: 556659 | KS4: 906432 | KT4: 551562 | KU4: 1253139 | KV4: 2715309 | KW4: 357933 | KX4: 2126781 | KY4: 582009 | KZ4: 354720 | LA4: 585103 | LB4: 845344 | LC4: 199162 | LD4: 962898 | LE4: 523276 | LF4: 602431 | LG4: 775310 | LH4: 593394 | LI4: 1896937 | LJ4: 723232 | LK4: 693830 | LL4: 1099595 | LM4: 1105891 | LN4: 1106810 | LO4: 2139419 | LP4: 1148179 | LQ4: 1444540 | LR4: 1454836 | LS4: 199237 | LT4: 1410132 | LU4: 702911 | LV4: 1865349 | LW4: 1737212 | LX4: 1270685 | LY4: 1051707 | LZ4: 343935015
A5: North | B5: 1334774 | C5: 1694749 | D5: 1186523 | E5: 1192833 | F5: 1043201 | G5: 1045674 | H5: 1646776 | I5: 1331832 | J5: 1129314 | K5: 1103513 | L5: 1868587 | M5: 1133448 | N5: 703339 | O5: 1570839 | P5: 1935680 | Q5: 1303139 | R5: 515887 | S5: 1329919 | T5: 717207 | U5: 1230948 | V5: 1454536 | W5: 1899461 | X5: 643761 | Y5: 1156546 | Z5: 535896 | AA5: 879093 | AB5: 1316854 | AC5: 898933 | AD5: 595270 | AE5: 1457616 | AF5: 2059291 | AG5: 978863 | AH5: 997433 | AI5: 1377536 | AJ5: 428922 | AK5: 1055159 | AL5: 768866 | AM5: 308715 | AN5: 622888 | AO5: 636687 | AP5: 910901 | AQ5: 1040619 | AR5: 1055757 | AS5: 984370 | AT5: 2129040 | AU5: 1247752 | AV5: 441198 | AW5: 1142734 | AX5: 894923 | AY5: 961538 | AZ5: 554371 | BA5: 374016 | BB5: 1381929 | BC5: 465044 | BD5: 2021614 | BE5: 903644 | BF5: 1543064 | BG5: 1038194 | BH5: 1457856 | BI5: 1057317 | BJ5: 832357 | BK5: 746237 | BL5: 801651 | BM5: 380798 | BN5: 439684 | BO5: 1336341 | BP5: 657308 | BQ5: 1590656 | BR5: 1383966 | BS5: 227034 | BT5: 1446507 | BU5: 1149423 | BV5: 376600 | BW5: 580857 | BX5: 1096898 | BY5: 678640 | BZ5: 198280 | CA5: 936733 | CB5: 862587 | CC5: 451368 | CD5: 599262 | CE5: 886188 | CF5: 471188 | CG5: 1528980 | CH5: 1697595 | CI5: 1497675 | CJ5: 831827 | CK5: 854906 | CL5: 576693 | CM5: 783703 | CN5: 973447 | CO5: 479262 | CP5: 1465008 | CQ5: 1210405 | CR5: 964394 | CS5: 700214 | CT5: 1179372 | CU5: 759453 | CV5: 426883 | CW5: 517582 | CX5: 117871 | CY5: 1443261 | CZ5: 649581 | DA5: 1916774 | DB5: 783648 | DC5: 1604512 | DD5: 763121 | DE5: 789971 | DF5: 534670 | DG5: 594414 | DH5: 299876 | DI5: 575285 | DJ5: 1262351 | DK5: 1806657 | DL5: 1620379 | DM5: 1881896 | DN5: 722852 | DO5: 1270332 | DP5: 1061057 | DQ5: 1807581 | DR5: 650738 | DS5: 2071458 | DT5: 1079864 | DU5: 875010 | DV5: 1577079 | DW5: 685124 | DX5: 2033039 | DY5: 999989 | DZ5: 1698007 | EA5: 2179082 | EB5: 1604586 | EC5: 842758 | ED5: 1240258 | EE5: 1310199 | EF5: 1213078 | EG5: 1002607 | EH5: 995334 | EI5: 1604912 | EJ5: 1499495 | EK5: 1052912 | EL5: 1278575 | EM5: 1722119 | EN5: 1183686 | EO5: 827018 | EP5: 1465279 | EQ5: 1072733 | ER5: 300683 | ES5: 847213 | ET5: 877039 | EU5: 1097652 | EV5: 2047138 | EW5: 711721 | EX5: 550545 | EY5: 1759002 | EZ5: 2190284 | FA5: 580100 | FB5: 1124753 | FC5: 836576 | FD5: 1467232 | FE5: 1148469 | FF5: 1039583 | FG5: 1182236 | FH5: 845520 | FI5: 864697 | FJ5: 1487341 | FK5: 1053035 | FL5: 1603164 | FM5: 1215679 | FN5: 337404 | FO5: 660798 | FP5: 981349 | FQ5: 753100 | FR5: 664652 | FS5: 1565305 | FT5: 545250 | FU5: 1380551 | FV5: 650840 | FW5: 385388 | FX5: 1229621 | FY5: 1773531 | FZ5: 388748 | GA5: 1550786 | GB5: 756020 | GC5: 684127 | GD5: 1138173 | GE5: 995988 | GF5: 1393325 | GG5: 832551 | GH5: 581619 | GI5: 484922 | GJ5: 664902 | GK5: 729020 | GL5: 950070 | GM5: 731211 | GN5: 993206 | GO5: 1608366 | GP5: 699794 | GQ5: 395666 | GR5: 439851 | GS5: 608476 | GT5: 622719 | GU5: 1384505 | GV5: 812710 | GW5: 1649104 | GX5: 1069003 | GY5: 1058389 | GZ5: 1278945 | HA5: 585892 | HB5: 1631513 | HC5: 785417 | HD5: 994383 | HE5: 1489953 | HF5: 1297789 | HG5: 1517275 | HH5: 1506200 | HI5: 1648695 | HJ5: 873143 | HK5: 925872 | HL5: 370187 | HM5: 704420 | HN5: 1117659 | HO5: 635708 | HP5: 1472248 | HQ5: 1161808 | HR5: 964597 | HS5: 1889694 | HT5: 1159262 | HU5: 598449 | HV5: 1167457 | HW5: 1209261 | HX5: 10359 | HY5: 2106374 | HZ5: 915027 | IA5: 287970 | IB5: 228592 | IC5: 1155804 | ID5: 737861 | IE5: 882496 | IF5: 835134 | IG5: 442350 | IH5: 1039218 | II5: 1703778 | IJ5: 1068486 | IK5: 357321 | IL5: 651003 | IM5: 389611 | IN5: 1683643 | IO5: 1297498 | IP5: 802020 | IQ5: 1189458 | IR5: 1008299 | IS5: 830789 | IT5: 1018931 | IU5: 2301037 | IV5: 1022352 | IW5: 1332862 | IX5: 972201 | IY5: 983074 | IZ5: 1060868 | JA5: 2145652 | JB5: 704309 | JC5: 2011460 | JD5: 622260 | JE5: 360048 | JF5: 440859 | JG5: 1136952 | JH5: 1306717 | JI5: 2211924 | JJ5: 310087 | JK5: 462567 | JL5: 1014633 | JM5: 1177745 | JN5: 797837 | JO5: 751855 | JP5: 1626242 | JQ5: 251453 | JR5: 841719 | JS5: 401828 | JT5: 605762 | JU5: 933554 | JV5: 839163 | JW5: 133218 | JX5: 111789 | JY5: 1753667 | JZ5: 489845 | KA5: 513665 | KB5: 731905 | KC5: 409652 | KD5: 156253 | KE5: 1375816 | KF5: 1084399 | KG5: 777004 | KH5: 1044207 | KI5: 1026606 | KJ5: 607819 | KK5: 714456 | KL5: 1983121 | KM5: 830812 | KN5: 1145730 | KO5: 1965723 | KP5: 686115 | KQ5: 1018654 | KR5: 2178205 | KS5: 674161 | KT5: 1021100 | KU5: 1212562 | KV5: 633537 | KW5: 1743861 | KX5: 862951 | KY5: 528941 | KZ5: 503112 | LA5: 1629737 | LB5: 954090 | LC5: 2085235 | LD5: 878016 | LE5: 1842186 | LF5: 434000 | LG5: 766578 | LH5: 1003936 | LI5: 831407 | LJ5: 1317513 | LK5: 1162272 | LL5: 365204 | LM5: 475228 | LN5: 351803 | LO5: 940069 | LP5: 1677859 | LQ5: 1909860 | LR5: 700025 | LS5: 2090275 | LT5: 868900 | LU5: 1466496 | LV5: 1779614 | LW5: 830521 | LX5: 997234 | LY5: 1670874 | LZ5: 348728768
A6: South | B6: 1081556 | C6: 1459013 | D6: 1080859 | E6: 453103 | F6: 1073840 | G6: 1630970 | H6: 983340 | I6: 1422723 | J6: 240124 | K6: 1536704 | L6: 776441 | M6: 1313738 | N6: 1470793 | O6: 1288190 | P6: 331046 | Q6: 776862 | R6: 973683 | S6: 1360783 | T6: 900552 | U6: 589394 | V6: 1944810 | W6: 1452602 | X6: 1143864 | Y6: 864770 | Z6: 862205 | AA6: 1166300 | AB6: 1306716 | AC6: 1176221 | AD6: 2029037 | AE6: 306144 | AF6: 890868 | AG6: 449603 | AH6: 1572025 | AI6: 2149705 | AJ6: 1867837 | AK6: 1235573 | AL6: 1061819 | AM6: 1186972 | AN6: 965385 | AO6: 775429 | AP6: 567434 | AQ6: 1752978 | AR6: 1220519 | AS6: 831281 | AT6: 1452237 | AU6: 1350365 | AV6: 608110 | AW6: 815705 | AX6: 1365781 | AY6: 1928777 | AZ6: 676014 | BA6: 957796 | BB6: 1322618 | BC6: 655689 | BD6: 1073329 | BE6: 776960 | BF6: 716607 | BG6: 1150126 | BH6: 1217214 | BI6: 910961 | BJ6: 757007 | BK6: 683266 | BL6: 754017 | BM6: 1136934 | BN6: 345104 | BO6: 2033558 | BP6: 534114 | BQ6: 1637848 | BR6: 1267029 | BS6: 1258614 | BT6: 818596 | BU6: 751516 | BV6: 1623033 | BW6: 1073127 | BX6: 1385982 | BY6: 2505815 | BZ6: 938390 | CA6: 722122 | CB6: 742460 | CC6: 536843 | CD6: 971844 | CE6: 498700 | CF6: 1184230 | CG6: 1677733 | CH6: 1719125 | CI6: 364182 | CJ6: 56843 | CK6: 1387821 | CL6: 705675 | CM6: 1513037 | CN6: 1147358 | CO6: 249428 | CP6: 1536600 | CQ6: 981203 | CR6: 928724 | CS6: 2002022 | CT6: 1091955 | CU6: 888276 | CV6: 1679780 | CW6: 781526 | CX6: 813404 | CY6: 2323211 | CZ6: 1201142 | DA6: 804719 | DB6: 798218 | DC6: 675431 | DD6: 451542 | DE6: 924606 | DF6: 529197 | DG6: 726225 | DH6: 1453657 | DI6: 756779 | DJ6: 955770 | DK6: 117040 | DL6: 1073857 | DM6: 670556 | DN6: 1057417 | DO6: 1094076 | DP6: 1082075 | DQ6: 1295763 | DR6: 1304894 | DS6: 309689 | DT6: 2019703 | DU6: 1027211 | DV6: 979517 | DW6: 503784 | DX6: 512163 | DY6: 2079916 | DZ6: 779907 | EA6: 406479 | EB6: 379441 | EC6: 628015 | ED6: 828053 | EE6: 1202289 | EF6: 418835 | EG6: 1527413 | EH6: 440170 | EI6: 759408 | EJ6: 596060 | EK6: 1110330 | EL6: 618021 | EM6: 360138 | EN6: 944422 | EO6: 483725 | EP6: 1428896 | EQ6: 679092 | ER6: 1934335 | ES6: 474000 | ET6: 1298616 | EU6: 1383943 | EV6: 1454906 | EW6: 1314623 | EX6: 1343412 | EY6: 1109723 | EZ6: 633533 | FA6: 1636956 | FB6: 1357763 | FC6: 979986 | FD6: 887220 | FE6: 986315 | FF6: 449285 | FG6: 1211681 | FH6: 726393 | FI6: 563553 | FJ6: 1089289 | FK6: 301158 | FL6: 1651211 | FM6: 682735 | FN6: 718903 | FO6: 1544293 | FP6: 2155252 | FQ6: 323105 | FR6: 1786329 | FS6: 1423430 | FT6: 268336 | FU6: 2051019 | FV6: 1273772 | FW6: 1606052 | FX6: 588310 | FY6: 1226813 | FZ6: 116466 | GA6: 1306788 | GB6: 596979 | GC6: 576002 | GD6: 639693 | GE6: 1121739 | GF6: 1923626 | GG6: 1827044 | GH6: 476005 | GI6: 1106767 | GJ6: 299943 | GK6: 785765 | GL6: 593999 | GM6: 1457129 | GN6: 921232 | GO6: 602135 | GP6: 153605 | GQ6: 1399614 | GR6: 1135316 | GS6: 872894 | GT6: 787839 | GU6: 1375810 | GV6: 533716 | GW6: 1006357 | GX6: 750336 | GY6: 567107 | GZ6: 1482902 | HA6: 816693 | HB6: 1273828 | HC6: 636296 | HD6: 1284182 | HE6: 1220472 | HF6: 1724103 | HG6: 426950 | HH6: 1004000 | HI6: 658888 | HJ6: 1150141 | HK6: 919744 | HL6: 627904 | HM6: 1170867 | HN6: 1083097 | HO6: 910672 | HP6: 2372309 | HQ6: 1177013 | HR6: 401650 | HS6: 833631 | HT6: 1466655 | HU6: 1047357 | HV6: 2188509 | HW6: 1766432 | HX6: 491241 | HY6: 1346413 | HZ6: 2005215 | IA6: 628415 | IB6: 1697803 | IC6: 1441919 | ID6: 856003 | IE6: 1831629 | IF6: 1696146 | IG6: 962185 | IH6: 595124 | II6: 1290406 | IJ6: 638002 | IK6: 141041 | IL6: 1008516 | IM6: 2285812 | IN6: 363904 | IO6: 1864812 | IP6: 874298 | IQ6: 705844 | IR6: 993395 | IS6: 1021339 | IT6: 1031603 | IU6: 877550 | IV6: 496186 | IW6: 1100598 | IX6: 859875 | IY6: 579141 | IZ6: 1753019 | JA6: 1367950 | JB6: 1067738 | JC6: 331240 | JD6: 1147763 | JE6: 1478368 | JF6: 918881 | JG6: 1147795 | JH6: 917970 | JI6: 1286594 | JJ6: 1016050 | JK6: 1260451 | JL6: 981616 | JM6: 572883 | JN6: 1393117 | JO6: 1468225 | JP6: 875158 | JQ6: 877380 | JR6: 436280 | JS6: 1119382 | JT6: 417409 | JU6: 884282 | JV6: 1527743 | JW6: 1046718 | JX6: 973196 | JY6: 1250744 | JZ6: 635841 | KA6: 1165757 | KB6: 1290996 | KC6: 706971 | KD6: 1249435 | KE6: 273935 | KF6: 993631 | KG6: 127226 | KH6: 818958 | KI6: 921470 | KJ6: 1608210 | KK6: 818103 | KL6: 569355 | KM6: 361707 | KN6: 631242 | KO6: 539563 | KP6: 639227 | KQ6: 1150887 | KR6: 740547 | KS6: 902472 | KT6: 854030 | KU6: 411825 | KV6: 1276671 | KW6: 357591 | KX6: 1144086 | KY6: 1138884 | KZ6: 1046173 | LA6: 501123 | LB6: 747395 | LC6: 1745459 | LD6: 1892034 | LE6: 2431317 | LF6: 1503421 | LG6: 1471269 | LH6: 762478 | LI6: 1116589 | LJ6: 221685 | LK6: 294349 | LL6: 1182501 | LM6: 1442366 | LN6: 1499983 | LO6: 914838 | LP6: 615113 | LQ6: 1419629 | LR6: 559154 | LS6: 1248596 | LT6: 596821 | LU6: 972862 | LV6: 1928253 | LW6: 1072185 | LX6: 895997 | LY6: 338091 | LZ6: 346470912
A7: West | B7: 929603 | C7: 431127 | D7: 2142588 | E7: 941417 | F7: 1349468 | G7: 396246 | H7: 1300569 | I7: 523891 | J7: 1035465 | K7: 1473296 | L7: 425870 | M7: 1602255 | N7: 708163 | O7: 298940 | P7: 1403219 | Q7: 1045647 | R7: 1575714 | S7: 1333694 | T7: 1943427 | U7: 1243191 | V7: 516551 | W7: 1116700 | X7: 1454941 | Y7: 1543271 | Z7: 527059 | AA7: 988940 | AB7: 1407771 | AC7: 694686 | AD7: 329175 | AE7: 458604 | AF7: 526633 | AG7: 1436160 | AH7: 619091 | AI7: 1576581 | AJ7: 618002 | AK7: 893770 | AL7: 1910645 | AM7: 965827 | AN7: 1110922 | AO7: 843482 | AP7: 1397070 | AQ7: 1680154 | AR7: 1738192 | AS7: 1318408 | AT7: 734713 | AU7: 830611 | AV7: 888723 | AW7: 341454 | AX7: 644747 | AY7: 2317319 | AZ7: 1151760 | BA7: 1328305 | BB7: 951029 | BC7: 938867 | BD7: 1588926 | BE7: 520830 | BF7: 513476 | BG7: 530869 | BH7: 1557402 | BI7: 509578 | BJ7: 917344 | BK7: 434400 | BL7: 936190 | BM7: 1249942 | BN7: 1451400 | BO7: 389125 | BP7: 205574 | BQ7: 674879 | BR7: 704772 | BS7: 943312 | BT7: 892438 | BU7: 256453 | BV7: 967061 | BW7: 2110200 | BX7: 1134043 | BY7: 1652679 | BZ7: 1280934 | CA7: 703472 | CB7: 373506 | CC7: 440918 | CD7: 414853 | CE7: 1810855 | CF7: 1170837 | CG7: 1608729 | CH7: 1542075 | CI7: 999101 | CJ7: 1580821 | CK7: 1343616 | CL7: 642361 | CM7: 2419537 | CN7: 1052141 | CO7: 695586 | CP7: 1667476 | CQ7: 803599 | CR7: 1548404 | CS7: 1834307 | CT7: 1236691 | CU7: 970880 | CV7: 441048 | CW7: 408850 | CX7: 1127332 | CY7: 1028265 | CZ7: 943397 | DA7: 1111345 | DB7: 878983 | DC7: 1096585 | DD7: 2749815 | DE7: 1142678 | DF7: 385368 | DG7: 693923 | DH7: 2352747 | DI7: 1307852 | DJ7: 1088258 | DK7: 1602027 | DL7: 865473 | DM7: 1717032 | DN7: 677100 | DO7: 458589 | DP7: 1454485 | DQ7: 1166766 | DR7: 1126509 | DS7: 1551300 | DT7: 981185 | DU7: 861554 | DV7: 617360 | DW7: 1298620 | DX7: 1069311 | DY7: 778748 | DZ7: 122944 | EA7: 2072355 | EB7: 1998002 | EC7: 1836760 | ED7: 1059254 | EE7: 858950 | EF7: 1316578 | EG7: 831469 | EH7: 471817 | EI7: 1245876 | EJ7: 1084729 | EK7: 750519 | EL7: 755138 | EM7: 1647572 | EN7: 1109285 | EO7: 648819 | EP7: 873558 | EQ7: 1318793 | ER7: 203142 | ES7: 1746157 | ET7: 1234874 | EU7: 1414191 | EV7: 1543922 | EW7: 305116 | EX7: 1851565 | EY7: 1076306 | EZ7: 431790 | FA7: 1009229 | FB7: 1462865 | FC7: 732908 | FD7: 1406705 | FE7: 1139538 | FF7: 1422645 | FG7: 763360 | FH7: 1275790 | FI7: 272161 | FJ7: 924087 | FK7: 396701 | FL7: 1287053 | FM7: 2181194 | FN7: 651536 | FO7: 366706 | FP7: 607914 | FQ7: 468193 | FR7: 1346226 | FS7: 592490 | FT7: 1224449 | FU7: 522010 | FV7: 1396703 | FW7: 501264 | FX7: 795981 | FY7: 1041300 | FZ7: 729957 | GA7: 400893 | GB7: 419655 | GC7: 417941 | GD7: 296990 | GE7: 1963129 | GF7: 1948099 | GG7: 699369 | GH7: 712463 | GI7: 1041479 | GJ7: 421889 | GK7: 702476 | GL7: 1130325 | GM7: 913769 | GN7: 1217439 | GO7: 1440904 | GP7: 543107 | GQ7: 1511908 | GR7: 774418 | GS7: 1090711 | GT7: 1055855 | GU7: 1200862 | GV7: 282540 | GW7: 1302237 | GX7: 1263332 | GY7: 2378823 | GZ7: 708699 | HA7: 1541945 | HB7: 1233961 | HC7: 1022433 | HD7: 1046247 | HE7: 1294407 | HF7: 725752 | HG7: 1222378 | HH7: 933053 | HI7: 187680 | HJ7: 205281 | HK7: 1089146 | HL7: 740010 | HM7: 812705 | HN7: 1457533 | HO7: 909568 | HP7: 1011387 | HQ7: 1090160 | HR7: 1370412 | HS7: 921192 | HT7: 1192929 | HU7: 772810 | HV7: 807160 | HW7: 554395 | HX7: 685697 | HY7: 1379373 | HZ7: 1941637 | IA7: 1382625 | IB7: 1341519 | IC7: 1625609 | ID7: 554898 | IE7: 868760 | IF7: 826121 | IG7: 995802 | IH7: 751484 | II7: 11541 | IJ7: 871893 | IK7: 616862 | IL7: 1547104 | IM7: 1363080 | IN7: 889476 | IO7: 1939405 | IP7: 648074 | IQ7: 1488322 | IR7: 1172639 | IS7: 1792621 | IT7: 467801 | IU7: 1351013 | IV7: 796021 | IW7: 866145 | IX7: 748805 | IY7: 836363 | IZ7: 1437805 | JA7: 801366 | JB7: 1096998 | JC7: 1041548 | JD7: 676815 | JE7: 189077 | JF7: 678417 | JG7: 1872335 | JH7: 1683280 | JI7: 381205 | JJ7: 598374 | JK7: 2098780 | JL7: 1709801 | JM7: 1470394 | JN7: 839073 | JO7: 1267101 | JP7: 1332887 | JQ7: 871429 | JR7: 1568237 | JS7: 1764986 | JT7: 371545 | JU7: 838800 | JV7: 936903 | JW7: 954061 | JX7: 1519096 | JY7: 1146534 | JZ7: 754725 | KA7: 1331934 | KB7: 669034 | KC7: 1234352 | KD7: 1152640 | KE7: 1264816 | KF7: 1434641 | KG7: 1054595 | KH7: 517608 | KI7: 1527648 | KJ7: 1116230 | KK7: 1261500 | KL7: 776395 | KM7: 1031132 | KN7: 1414229 | KO7: 1458827 | KP7: 463016 | KQ7: 1367236 | KR7: 875786 | KS7: 510677 | KT7: 826606 | KU7: 1729775 | KV7: 2102787 | KW7: 558886 | KX7: 1378431 | KY7: 1638459 | KZ7: 640246 | LA7: 1190212 | LB7: 326614 | LC7: 1517790 | LD7: 1188835 | LE7: 1034100 | LF7: 1312183 | LG7: 911422 | LH7: 960920 | LI7: 441479 | LJ7: 1155548 | LK7: 1005952 | LL7: 1087805 | LM7: 952763 | LN7: 353889 | LO7: 1032872 | LP7: 862000 | LQ7: 562837 | LR7: 1079626 | LS7: 1612388 | LT7: 123864 | LU7: 1160085 | LV7: 372636 | LW7: 1571079 | LX7: 2031140 | LY7: 561049 | LZ7: 352887188
A8: Grand Total | B8: 4936895 | C8: 3713285 | D8: 5557101 | E8: 4389443 | F8: 3885556 | G8: 3364353 | H8: 5053337 | I8: 4396283 | J8: 3754216 | K8: 4745280 | L8: 4276410 | M8: 5103935 | N8: 4071786 | O8: 5015629 | P8: 4962968 | Q8: 3950205 | R8: 3511933 | S8: 5114256 | T8: 3713897 | U8: 4610858 | V8: 4943229 | W8: 5332651 | X8: 4602501 | Y8: 5765081 | Z8: 2476687 | AA8: 4858176 | AB8: 4706890 | AC8: 4090963 | AD8: 3921367 | AE8: 3837881 | AF8: 4343558 | AG8: 4022176 | AH8: 5181986 | AI8: 5809566 | AJ8: 3914255 | AK8: 4046586 | AL8: 4908937 | AM8: 4162121 | AN8: 3277950 | AO8: 2819652 | AP8: 3804062 | AQ8: 5300634 | AR8: 6111034 | AS8: 4937039 | AT8: 6199736 | AU8: 4336253 | AV8: 3373896 | AW8: 3522790 | AX8: 3717928 | AY8: 7008087 | AZ8: 3206351 | BA8: 2999657 | BB8: 4963882 | BC8: 3178109 | BD8: 5297529 | BE8: 3173730 | BF8: 3907497 | BG8: 3033725 | BH8: 4654478 | BI8: 3069522 | BJ8: 3325288 | BK8: 2822131 | BL8: 4157690 | BM8: 3631848 | BN8: 3146820 | BO8: 5213838 | BP8: 1747215 | BQ8: 5269521 | BR8: 4372773 | BS8: 3146576 | BT8: 4031605 | BU8: 3109309 | BV8: 4214454 | BW8: 5179911 | BX8: 5004931 | BY8: 5567532 | BZ8: 3507814 | CA8: 3744092 | CB8: 2840092 | CC8: 2793681 | CD8: 2413053 | CE8: 4189337 | CF8: 3847267 | CG8: 5503594 | CH8: 5018141 | CI8: 4050686 | CJ8: 3090501 | CK8: 4063981 | CL8: 2560958 | CM8: 4889309 | CN8: 3716557 | CO8: 3040470 | CP8: 5461159 | CQ8: 4149238 | CR8: 4748936 | CS8: 5498302 | CT8: 4449501 | CU8: 3465117 | CV8: 3376186 | CW8: 2682105 | CX8: 2271993 | CY8: 5516555 | CZ8: 4651415 | DA8: 4850388 | DB8: 2795008 | DC8: 4935396 | DD8: 4943663 | DE8: 3633595 | DF8: 2170602 | DG8: 2904420 | DH8: 4978135 | DI8: 3139134 | DJ8: 4596817 | DK8: 3878672 | DL8: 4681686 | DM8: 5083541 | DN8: 3195847 | DO8: 4082891 | DP8: 4220572 | DQ8: 5550632 | DR8: 4115783 | DS8: 5177368 | DT8: 5522630 | DU8: 4232734 | DV8: 3827290 | DW8: 4090802 | DX8: 4544216 | DY8: 4489973 | DZ8: 3708784 | EA8: 6185924 | EB8: 5852613 | EC8: 4641441 | ED8: 4890580 | EE8: 4227732 | EF8: 3898846 | EG8: 4814960 | EH8: 2736040 | EI8: 4159255 | EJ8: 4222026 | EK8: 4374039 | EL8: 3774941 | EM8: 4373749 | EN8: 4275239 | EO8: 2801081 | EP8: 4154373 | EQ8: 3972642 | ER8: 4340284 | ES8: 4148865 | ET8: 4555231 | EU8: 5114021 | EV8: 6557928 | EW8: 2784392 | EX8: 4725287 | EY8: 5776091 | EZ8: 3763533 | FA8: 4785031 | FB8: 4519795 | FC8: 4024909 | FD8: 4323419 | FE8: 3886589 | FF8: 4670885 | FG8: 4075588 | FH8: 3639535 | FI8: 2175259 | FJ8: 4564725 | FK8: 3397690 | FL8: 6262279 | FM8: 4917842 | FN8: 2882627 | FO8: 3526542 | FP8: 4624208 | FQ8: 2409191 | FR8: 4060996 | FS8: 4526621 | FT8: 3831171 | FU8: 4845892 | FV8: 4247987 | FW8: 3340094 | FX8: 3366296 | FY8: 5131866 | FZ8: 3140851 | GA8: 3746693 | GB8: 3537581 | GC8: 2579983 | GD8: 2584341 | GE8: 5094384 | GF8: 5512147 | GG8: 4799823 | GH8: 2707925 | GI8: 3376267 | GJ8: 2429046 | GK8: 2866073 | GL8: 3628797 | GM8: 4564211 | GN8: 4798254 | GO8: 4503858 | GP8: 2175242 | GQ8: 6315309 | GR8: 3060117 | GS8: 3131156 | GT8: 4382958 | GU8: 5028124 | GV8: 2417740 | GW8: 5233422 | GX8: 3448525 | GY8: 5363183 | GZ8: 4975264 | HA8: 4235553 | HB8: 6185715 | HC8: 3440833 | HD8: 4249373 | HE8: 4587286 | HF8: 4610844 | HG8: 3802084 | HH8: 4526189 | HI8: 3441810 | HJ8: 3344603 | HK8: 3403606 | HL8: 2864017 | HM8: 2894033 | HN8: 4749306 | HO8: 2790096 | HP8: 5626155 | HQ8: 4292719 | HR8: 3378304 | HS8: 4435686 | HT8: 4681316 | HU8: 3177410 | HV8: 5859912 | HW8: 4345264 | HX8: 2144355 | HY8: 6248664 | HZ8: 5927098 | IA8: 2957353 | IB8: 4075187 | IC8: 5318187 | ID8: 3238864 | IE8: 4348312 | IF8: 4801291 | IG8: 3779930 | IH8: 2945461 | II8: 4452120 | IJ8: 3107005 | IK8: 2028673 | IL8: 4359712 | IM8: 4088844 | IN8: 3349042 | IO8: 5804525 | IP8: 2927790 | IQ8: 3483182 | IR8: 3937413 | IS8: 4055765 | IT8: 3818813 | IU8: 5681663 | IV8: 2792679 | IW8: 3957371 | IX8: 3516246 | IY8: 2805792 | IZ8: 5517746 | JA8: 5032027 | JB8: 3545003 | JC8: 4010707 | JD8: 3816471 | JE8: 3493364 | JF8: 2643384 | JG8: 5418755 | JH8: 5181782 | JI8: 5242148 | JJ8: 3699538 | JK8: 4917963 | JL8: 5216027 | JM8: 4058743 | JN8: 3984896 | JO8: 5593438 | JP8: 5987854 | JQ8: 3108587 | JR8: 3809201 | JS8: 5088547 | JT8: 2384728 | JU8: 3888044 | JV8: 3905657 | JW8: 3320676 | JX8: 4118586 | JY8: 5285326 | JZ8: 3546881 | KA8: 4021645 | KB8: 3203448 | KC8: 3000202 | KD8: 3241108 | KE8: 4719697 | KF8: 4644452 | KG8: 2172593 | KH8: 3361443 | KI8: 4432474 | KJ8: 4367699 | KK8: 4227343 | KL8: 4634565 | KM8: 3589562 | KN8: 4001579 | KO8: 4259682 | KP8: 2560252 | KQ8: 4711492 | KR8: 4351197 | KS8: 2993742 | KT8: 3253298 | KU8: 4607301 | KV8: 6728304 | KW8: 3018271 | KX8: 5512249 | KY8: 3888293 | KZ8: 2544251 | LA8: 3906175 | LB8: 2873443 | LC8: 5547646 | LD8: 4921783 | LE8: 5830879 | LF8: 3852035 | LG8: 3924579 | LH8: 3320728 | LI8: 4286412 | LJ8: 3417978 | LK8: 3156403 | LL8: 3735105 | LM8: 3976248 | LN8: 3312485 | LO8: 5027198 | LP8: 4303151 | LQ8: 5336866 | LR8: 3793641 | LS8: 5150496 | LT8: 2999717 | LU8: 4302354 | LV8: 5945852 | LW8: 5210997 | LX8: 5195056 | LY8: 3621721 | LZ8: 1392021883

Sheet Probelm_17
A1: 17. Sales contribution (%) by each category
A2: Row Labels | B2: Sum of Total_Sales
A3: Clothing | B3: 0.33561768
A4: Electronics | B4: 0.33219409
A5: Furniture | B5: 0.33218822
A6: Grand Total | B6: 1

Sheet Probelm_18
A1: 18. Top 5 Sales Persons by revenue
A2: Row Labels | B2: Sum of Total_Sales
A3: Ravi | B3: 245038452
A4: Priya | B4: 241650519
A5: Neha | B5: 239629617
A6: Karan | B6: 236936919
A7: Sneha | B7: 215376660
A8: Amit | B8: 213389716
A9: Grand Total | B9: 1392021883

Sheet Probelm_19
A1: 19. Bottom 5 products by sales
A2: Row Labels | B2: Sum of Total_Sales
A3: Jeans | B3: 166476985
A4: Jacket | B4: 156989691
A5: Laptop | B5: 156048597
A6: Chair | B6: 155893012
A7: Mobile | B7: 155429213
A8: Sofa | B8: 154208561
A9: Table | B9: 152311705
A10: Tablet | B10: 150943634
A11: Shirt | B11: 143720485
A12: Grand Total | B12: 1392021883

Sheet Probelm_20
A1: 20. Compare total sales vs target by Region
A2: Row Labels | B2: Present Sales | C2: Row Labels | D2: Targate Sales
A3: East | B3: 343935015 | C3: East | D3: 1840117
A4: North | B4: 348728768 | C4: North | D4: 1883689
A5: South | B5: 346470912 | C5: South | D5: 602791
A6: West | B6: 352887188 | C6: West | D6: 1669935
A7: Grand Total | B7: 1392021883 | C7: Grand Total | D7: 5996532

Sheet Probelm_21
A1: 21. Return rate (%) by Region
A2: Row Labels | B2: RETURN RATE(%)
A3: East | B3: 0.24707587
A4: North | B4: 0.2505196
A5: South | B5: 0.2488976
A6: West | B6: 0.25350693
A7: Grand Total | B7: 1

Sheet Probelm_22
A1: 21. Return rate by Product Category
A3: Product Category | B3: Total Transactions | C3: Returned Transactions | D3: Return Rate (%) | E3: Total Sales | F3: Returned Sales | G3: Value Return Rate (%)
A4: Clothing | B4: 3336 | C4: 418 | D4: 0.1253 | E4: 467310641 | F4: 59763557 | G4: 0.1279
A5: Electronics | B5: 3310 | C5: 454 | D5: 0.1372 | E5: 462421444 | F5: 62203373 | G5: 0.1345
A6: Furniture | B6: 3356 | C6: 423 | D6: 0.126 | E6: 462487000 | F6: 57854881 | G6: 0.1251

Sheet Probelm_23
A1: 23. Total sales for returned orders
A4: Return Status | B4: Total Sales
A5: Not Returned | B5: 1212397274
A6: Returned | B6: 179821811

Sheet Problem_24
A1: 24. Average quantity per order by region
A4: Region | B4: Average Quantity
A5: East | B5: 5.52
A6: North | B6: 5.6
A7: South | B7: 5.55
A8: West | B8: 5.43

Sheet Problem_25
A1: 25. Number of unique products sold in each region
A4: Region | B4: Unique Products Count
A5: East | B5: 9
A6: North | B6: 9
A7: South | B7: 9
A8: West | B8: 9

Sheet Problem_26
A1: 26. Sales growth month-over-month
A4: Month | B4: Total Sales | C4: MoM Growth (%)
A5: 2025-01 | B5: 124953926 | C5: -
A6: 2025-02 | B6: 121376752 | C6: -0.0286
A7: 2025-03 | B7: 107469194 | C7: -0.1146
A8: 2025-04 | B8: 111051451 | C8: 0.0333
A9: 2025-05 | B9: 125003694 | C9: 0.1256
A10: 2025-06 | B10: 120639723 | C10: -0.0349

Sheet Problem_27
A1: 27. Running total of sales by date
A4: Date | B4: Total_Sales | C4: Running_Total
A5: 45658 | B5: 124953926 | C5: 124953926
A6: 45689 | B6: 121376752 | C6: 246330678
A7: 45717 | B7: 107469194 | C7: 353799872
A8: 45748 | B8: 111051451 | C8: 464851323
A9: 45778 | B9: 125003694 | C9: 589855017
A10: 45809 | B10: 120639723 | C10: 710494740
A11: 45839 | B11: 106663725 | C11: 817158465
A12: 45870 | B12: 114420222 | C12: 931578687
A13: 45901 | B13: 113256665 | C13: 1044835352
A14: 45931 | B14: 118211517 | C14: 1163046869
A15: 45962 | B15: 110278475 | C15: 1273325344
A16: 45992 | B16: 118893741 | C16: 1392219085

Sheet Problem_28
A1: 28. % contribution of each region to total sales
A4: Region | B4: Total Sales | C4: Contribution (%)
A5: West | B5: 352755748 | C5: 0.2534
A6: North | B6: 349007288 | C6: 0.2507
A7: South | B7: 346470912 | C7: 0.2489
A8: East | B8: 343985137 | C8: 0.2471

Sheet Problem_29
A1: 29. Top 3 products in each category
A3: Product_Category | B3: Product_Name | C3: Total_Sales
A4: Clothing | B4: Jeans | C4: 166600465
A5: Clothing | B5: Jacket | C5: 156989691
A6: Clothing | B6: Shirt | C6: 143720485
A7: Electronics | B7: Laptop | C7: 156048597
A8: Electronics | B8: Mobile | C8: 155429213
A9: Electronics | B9: Tablet | C9: 150943634
A10: Furniture | B10: Chair | C10: 155893012
A11: Furniture | B11: Sofa | C11: 154282283
A12: Furniture | B12: Table | C12: 152311705

Sheet Problem_30
A1: 30. Sales Person performance vs average
A4: Sales Person | B4: Total Sales | C4: Diff from Average | D4: Performance (%)
A5: Ravi | B5: 245038452 | C5: 13001938 | D5: 0.056
A6: Priya | B6: 241519079 | C6: 9482565 | D6: 0.0409
A7: Neha | B7: 239629617 | C7: 7593103 | D7: 0.0327
A8: Karan | B8: 237265561 | C8: 5229047 | D8: 0.0225
A9: Sneha | B9: 215376660 | C9: -16659854 | D9: -0.0718
A10: Amit | B10: 213389716 | C10: -18646798 | D10: -0.0804

Sheet Problem_31
A1: 31. Identify underperforming regions (below target)
A3: Region | B3: Total_Sales | C3: Avg_Monthly_Sales | D3: Monthly_Target | E3: Below_Target | F3: Target_Diff
A4: East | B4: 343985137 | C4: 28665428 | D4: 1840117 | E4: FALSE | F4: 26825311
A5: North | B5: 349007288 | C5: 29083941 | D5: 1883689 | E5: FALSE | F5: 27200252
A6: South | B6: 346470912 | C6: 28872576 | D6: 602791 | E6: FALSE | F6: 28269785
A7: West | B7: 352755748 | C7: 29396312 | D7: 1669935 | E7: FALSE | F7: 27726377

Sheet Probelm_32
A1: 32. Pivot with filters for specific category & region
A3: Product_Category | B3: East | C3: North | D3: South | E3: West
A4: Clothing | B4: 115492726 | C4: 116638243 | D4: 112850708 | E4: 122328964
A5: Electronics | B5: 114218561 | C5: 115844268 | D5: 118855634 | E5: 113502981
A6: Furniture | B6: 114273850 | C6: 116524777 | D6: 114764570 | E6: 116923803

Sheet Probelm_33
A1: 33. Dynamic pivot showing Top N products
A3: Product_Name | B3: Total_Sales
A4: Jeans | B4: 166600465
A5: Jacket | B5: 156989691
A6: Laptop | B6: 156048597
A7: Chair | B7: 155893012
A8: Mobile | B8: 155429213

Sheet Probelm_34
A1: 34. Compare returned vs non-returned sales impact
A4: Return Status | B4: Total Sales | C4: Order Count | D4: Avg Order Value
A5: Not Returned | B5: 1212397274 | C5: 8707 | D5: 139244
A6: Returned | B6: 179,821,81 | C6: 1295 | D6: 138859

Sheet Probelm_35
A1: 35. Average sales per transaction by category
A5: Product Category | B5: Avg Sales Per Transaction
A6: Clothing | B6: 140081
A7: Electronics | B7: 139704
A8: Furniture | B8: 137809

Sheet Probelm_36
A1: 36. Region-wise category contribution (%)
A3: Region | B3: Electronics | C3: Clothing | D3: Home Decor | E3: Groceries | F3: Total
A4: North | B4: 0.42 | C4: 0.25 | D4: 0.18 | E4: 0.15 | F4: 1
A5: South | B5: 0.405 | C5: 0.285 | D5: 0.16 | E5: 0.15 | F5: 1
A6: East | B6: 0.412 | C6: 0.248 | D6: 0.19 | E6: 0.15 | F6: 1
A7: West | B7: 0.398 | C7: 0.262 | D7: 0.175 | E7: 0.165 | F7: 1

Sheet Probelm_37
A1: 37. Create pivot chart for sales trend
A4: Row Labels | B4: Sum of Total Sales Amount
A5: 2025 | B5: 17525077
A6: January | B6: 1250000
A7: February | B7: 1100000
A8: March | B8: 1350000
A9: April | B9: 1400000
A10: May | B10: 1300000
A11: June | B11: 1450000
A12: July | B12: 1500000
A13: August | B13: 1380000
A14: September | B14: 1420000
A15: October | B15: 1550000
A16: November | B16: 1850000
A17: December | B17: 1975077

Sheet Probelm_38
A1: 38. Year-wise and month-wise combined analysis
A3: Year | B3: Quarter | C3: Month | D3: Total Sales Amount | E3: % of Annual Total
A4: 2025 | B4: Q1 | C4: January | D4: 1250000 | E4: 0.071
C5: February | D5: 1100000 | E5: 0.063
C6: March | D6: 1350000 | E6: 0.077
B7: Q2 | C7: April | D7: 1400000 | E7: 0.08
C8: May | D8: 1300000 | E8: 0.074
C9: June | D9: 1450000 | E9: 0.083
B10: Q3 | C10: July | D10: 1500000 | E10: 0.086
C11: August | D11: 1380000 | E11: 0.079
C12: September | D12: 1420000 | E12: 0.081
B13: Q4 | C13: October | D13: 1550000 | E13: 0.088
C14: November | D14: 1850000 | E14: 0.106
C15: December | D15: 1975077 | E15: 0.113
A16: Total | D16: 17525077 | E16: 1

Sheet Problem_39
A1: 39. Identify most consistent Sales Person
A3: Sales Person | B3: Total Revenue | C3: Total Orders Filled | D3: Average Order Value
A4: Priya | B4: 3850200 | C4: 450 | D4: 8556
A5: Karan | B5: 3620150 | C5: 425 | D5: 8518
A6: Neha | B6: 3480900 | C6: 410 | D6: 8490
A7: Sneha | B7: 3310400 | C7: 395 | D7: 8380
A8: Amit | B8: 3263427 | C8: 380 | D8: 8588

Sheet Problem_40
Q1: 40. Create dashboard using multiple pivots
